{
    "classes": [
        "Backdoor",
        "Benign",
        "DoS/DDoS",
        "Injection",
        "Password",
        "Scanning",
        "XSS/MITM"
    ],
    "classification_report": {
        "Backdoor": {
            "precision": 0.9993827160493827,
            "recall": 0.996001230390649,
            "f1-score": 0.9976891079956863,
            "support": 3251.0
        },
        "Benign": {
            "precision": 0.9271463119709794,
            "recall": 0.9431119311193112,
            "f1-score": 0.9350609756097561,
            "support": 3252.0
        },
        "DoS/DDoS": {
            "precision": 0.923923006416132,
            "recall": 0.9298892988929889,
            "f1-score": 0.926896551724138,
            "support": 3252.0
        },
        "Injection": {
            "precision": 0.9018895348837209,
            "recall": 0.7632226322263223,
            "f1-score": 0.826782145236509,
            "support": 3252.0
        },
        "Password": {
            "precision": 0.8765611385419693,
            "recall": 0.9280442804428044,
            "f1-score": 0.9015683345780433,
            "support": 3252.0
        },
        "Scanning": {
            "precision": 0.9761306532663316,
            "recall": 0.955719557195572,
            "f1-score": 0.9658172778123058,
            "support": 3252.0
        },
        "XSS/MITM": {
            "precision": 0.8577041818692114,
            "recall": 0.939729397293973,
            "f1-score": 0.8968451944240645,
            "support": 3252.0
        },
        "accuracy": 0.9222422352062558,
        "macro avg": {
            "precision": 0.9232482204282467,
            "recall": 0.9222454753659458,
            "f1-score": 0.9215227981972147,
            "support": 22763.0
        },
        "weighted avg": {
            "precision": 0.9232448757682449,
            "recall": 0.9222422352062558,
            "f1-score": 0.9215194521395862,
            "support": 22763.0
        }
    },
    "existing": {
        "accuracy": 0.9,
        "precision_macro": 0.88,
        "recall_macro": 0.87,
        "f1_macro": 0.875
    },
    "proposed": {
        "accuracy": 0.9222422352062558,
        "precision_macro": 0.9232482204282467,
        "recall_macro": 0.9222454753659458,
        "f1_macro": 0.9215227981972147
    }
}