{
  "protocol": {
    "train_path": "C:\\Users\\kisho\\Downloads\\NeuroSymbolic_NFBoTIoT_Streamlit\\data\\train_processed.csv",
    "test_path": "C:\\Users\\kisho\\Downloads\\NeuroSymbolic_NFBoTIoT_Streamlit\\data\\test_processed.csv",
    "train_rows": 1200,
    "test_rows": 300,
    "fusion_mode": "soft",
    "alpha": 0.65,
    "quick_limit": 300,
    "seed": 42
  },
  "metrics": {
    "RandomForest": {
      "accuracy": 0.8766666666666667,
      "precision": 0.8811462048066749,
      "recall": 0.8715068379146206,
      "f1": 0.874843858677837
    },
    "MLP": {
      "accuracy": 0.8266666666666667,
      "precision": 0.8328608813432593,
      "recall": 0.8189986494666904,
      "f1": 0.8223920407994044
    },
    "MLP_NoRules": {
      "accuracy": 0.8266666666666667,
      "precision": 0.8328608813432593,
      "recall": 0.8189986494666904,
      "f1": 0.8223920407994044
    },
    "NeuroSymbolic_Hard": {
      "accuracy": 0.83,
      "precision": 0.8360527413020366,
      "recall": 0.8226616531296941,
      "f1": 0.8257207080745231
    },
    "NeuroSymbolic": {
      "accuracy": 0.83,
      "precision": 0.8360527413020366,
      "recall": 0.8226616531296941,
      "f1": 0.8257207080745231
    }
  },
  "classification_reports": {
    "RandomForest": {
      "Backdoor": {
        "precision": 1.0,
        "recall": 0.975,
        "f1-score": 0.9873417721518988,
        "support": 40.0
      },
      "Benign": {
        "precision": 0.8863636363636364,
        "recall": 0.8863636363636364,
        "f1-score": 0.8863636363636364,
        "support": 44.0
      },
      "DoS/DDoS": {
        "precision": 0.967741935483871,
        "recall": 0.8333333333333334,
        "f1-score": 0.8955223880597015,
        "support": 36.0
      },
      "Injection": {
        "precision": 0.6923076923076923,
        "recall": 0.6585365853658537,
        "f1-score": 0.675,
        "support": 41.0
      },
      "Password": {
        "precision": 0.825,
        "recall": 0.8461538461538461,
        "f1-score": 0.8354430379746836,
        "support": 39.0
      },
      "Scanning": {
        "precision": 1.0,
        "recall": 0.9795918367346939,
        "f1-score": 0.9896907216494846,
        "support": 49.0
      },
      "XSS/MITM": {
        "precision": 0.7966101694915254,
        "recall": 0.9215686274509803,
        "f1-score": 0.8545454545454545,
        "support": 51.0
      },
      "accuracy": 0.8766666666666667,
      "macro avg": {
        "precision": 0.8811462048066749,
        "recall": 0.8715068379146206,
        "f1-score": 0.874843858677837,
        "support": 300.0
      },
      "weighted avg": {
        "precision": 0.8800848123536753,
        "recall": 0.8766666666666667,
        "f1-score": 0.8768880629329361,
        "support": 300.0
      }
    },
    "MLP": {
      "Backdoor": {
        "precision": 1.0,
        "recall": 0.975,
        "f1-score": 0.9873417721518988,
        "support": 40.0
      },
      "Benign": {
        "precision": 0.85,
        "recall": 0.7727272727272727,
        "f1-score": 0.8095238095238095,
        "support": 44.0
      },
      "DoS/DDoS": {
        "precision": 0.7027027027027027,
        "recall": 0.7222222222222222,
        "f1-score": 0.7123287671232876,
        "support": 36.0
      },
      "Injection": {
        "precision": 0.6764705882352942,
        "recall": 0.5609756097560976,
        "f1-score": 0.6133333333333333,
        "support": 41.0
      },
      "Password": {
        "precision": 0.9142857142857143,
        "recall": 0.8205128205128205,
        "f1-score": 0.8648648648648649,
        "support": 39.0
      },
      "Scanning": {
        "precision": 1.0,
        "recall": 0.9795918367346939,
        "f1-score": 0.9896907216494846,
        "support": 49.0
      },
      "XSS/MITM": {
        "precision": 0.6865671641791045,
        "recall": 0.9019607843137255,
        "f1-score": 0.7796610169491526,
        "support": 51.0
      },
      "accuracy": 0.8266666666666667,
      "macro avg": {
        "precision": 0.8328608813432593,
        "recall": 0.8189986494666904,
        "f1-score": 0.8223920407994044,
        "support": 300.0
      },
      "weighted avg": {
        "precision": 0.8336821988174052,
        "recall": 0.8266666666666667,
        "f1-score": 0.8263016924772996,
        "support": 300.0
      }
    },
    "MLP_NoRules": {
      "Backdoor": {
        "precision": 1.0,
        "recall": 0.975,
        "f1-score": 0.9873417721518988,
        "support": 40.0
      },
      "Benign": {
        "precision": 0.85,
        "recall": 0.7727272727272727,
        "f1-score": 0.8095238095238095,
        "support": 44.0
      },
      "DoS/DDoS": {
        "precision": 0.7027027027027027,
        "recall": 0.7222222222222222,
        "f1-score": 0.7123287671232876,
        "support": 36.0
      },
      "Injection": {
        "precision": 0.6764705882352942,
        "recall": 0.5609756097560976,
        "f1-score": 0.6133333333333333,
        "support": 41.0
      },
      "Password": {
        "precision": 0.9142857142857143,
        "recall": 0.8205128205128205,
        "f1-score": 0.8648648648648649,
        "support": 39.0
      },
      "Scanning": {
        "precision": 1.0,
        "recall": 0.9795918367346939,
        "f1-score": 0.9896907216494846,
        "support": 49.0
      },
      "XSS/MITM": {
        "precision": 0.6865671641791045,
        "recall": 0.9019607843137255,
        "f1-score": 0.7796610169491526,
        "support": 51.0
      },
      "accuracy": 0.8266666666666667,
      "macro avg": {
        "precision": 0.8328608813432593,
        "recall": 0.8189986494666904,
        "f1-score": 0.8223920407994044,
        "support": 300.0
      },
      "weighted avg": {
        "precision": 0.8336821988174052,
        "recall": 0.8266666666666667,
        "f1-score": 0.8263016924772996,
        "support": 300.0
      }
    },
    "NeuroSymbolic_Hard": {
      "Backdoor": {
        "precision": 1.0,
        "recall": 0.975,
        "f1-score": 0.9873417721518988,
        "support": 40.0
      },
      "Benign": {
        "precision": 0.8947368421052632,
        "recall": 0.7727272727272727,
        "f1-score": 0.8292682926829268,
        "support": 44.0
      },
      "DoS/DDoS": {
        "precision": 0.7027027027027027,
        "recall": 0.7222222222222222,
        "f1-score": 0.7123287671232876,
        "support": 36.0
      },
      "Injection": {
        "precision": 0.6764705882352942,
        "recall": 0.5609756097560976,
        "f1-score": 0.6133333333333333,
        "support": 41.0
      },
      "Password": {
        "precision": 0.8918918918918919,
        "recall": 0.8461538461538461,
        "f1-score": 0.868421052631579,
        "support": 39.0
      },
      "Scanning": {
        "precision": 1.0,
        "recall": 0.9795918367346939,
        "f1-score": 0.9896907216494846,
        "support": 49.0
      },
      "XSS/MITM": {
        "precision": 0.6865671641791045,
        "recall": 0.9019607843137255,
        "f1-score": 0.7796610169491526,
        "support": 51.0
      },
      "accuracy": 0.83,
      "macro avg": {
        "precision": 0.8360527413020366,
        "recall": 0.8226616531296941,
        "f1-score": 0.8257207080745231,
        "support": 300.0
      },
      "weighted avg": {
        "precision": 0.8373324054149802,
        "recall": 0.83,
        "f1-score": 0.8296598544169762,
        "support": 300.0
      }
    },
    "NeuroSymbolic": {
      "Backdoor": {
        "precision": 1.0,
        "recall": 0.975,
        "f1-score": 0.9873417721518988,
        "support": 40.0
      },
      "Benign": {
        "precision": 0.8947368421052632,
        "recall": 0.7727272727272727,
        "f1-score": 0.8292682926829268,
        "support": 44.0
      },
      "DoS/DDoS": {
        "precision": 0.7027027027027027,
        "recall": 0.7222222222222222,
        "f1-score": 0.7123287671232876,
        "support": 36.0
      },