{
  "protocol": {
    "train_path": "C:\\Users\\kisho\\Downloads\\NeuroSymbolic_NFBoTIoT_Streamlit\\data\\train_processed.csv",
    "test_path": "C:\\Users\\kisho\\Downloads\\NeuroSymbolic_NFBoTIoT_Streamlit\\data\\test_processed.csv",
    "train_rows": 480,
    "test_rows": 120,
    "fusion_mode": "soft",
    "alpha": 0.65,
    "quick_limit": 120,
    "window_size": 120,
    "seed": 42
  },
  "metrics": {
    "RandomForest": {
      "accuracy": 0.825,
      "precision": 0.8354511035183305,
      "recall": 0.8175736961451248,
      "f1": 0.8229071405340413
    },
    "MLP": {
      "accuracy": 0.7666666666666667,
      "precision": 0.7894557823129251,
      "recall": 0.7721371882086168,
      "f1": 0.7656777721659489
    },
    "MLP_NoRules": {
      "accuracy": 0.7666666666666667,
      "precision": 0.7894557823129251,
      "recall": 0.7721371882086168,
      "f1": 0.7656777721659489
    },
    "NeuroSymbolic_Hard": {
      "accuracy": 0.7666666666666667,
      "precision": 0.7951493640934635,
      "recall": 0.7721371882086168,
      "f1": 0.7666603874342783
    },
    "NeuroSymbolic": {
      "accuracy": 0.7666666666666667,
      "precision": 0.7951493640934635,
      "recall": 0.7721371882086168,
      "f1": 0.7666603874342783
    }
  },
  "classification_reports": {
    "RandomForest": {
      "Backdoor": {
        "precision": 1.0,
        "recall": 0.9285714285714286,
        "f1-score": 0.9629629629629629,
        "support": 14.0
      },
      "Benign": {
        "precision": 0.9230769230769231,
        "recall": 0.75,
        "f1-score": 0.8275862068965517,
        "support": 16.0
      },
      "DoS/DDoS": {
        "precision": 0.7857142857142857,
        "recall": 0.7333333333333333,
        "f1-score": 0.7586206896551724,
        "support": 15.0
      },
      "Injection": {
        "precision": 0.6470588235294118,
        "recall": 0.6111111111111112,
        "f1-score": 0.6285714285714286,
        "support": 18.0
      },
      "Password": {
        "precision": 0.8,
        "recall": 0.8,
        "f1-score": 0.8,
        "support": 15.0
      },
      "Scanning": {
        "precision": 1.0,
        "recall": 1.0,
        "f1-score": 1.0,
        "support": 22.0
      },
      "XSS/MITM": {
        "precision": 0.6923076923076923,
        "recall": 0.9,
        "f1-score": 0.782608695652174,
        "support": 20.0
      },
      "accuracy": 0.825,
      "macro avg": {
        "precision": 0.8354511035183305,
        "recall": 0.8175736961451248,
        "f1-score": 0.8229071405340413,
        "support": 120.0
      },
      "weighted avg": {
        "precision": 0.833734647705236,
        "recall": 0.825,
        "f1-score": 0.8255719230331925,
        "support": 120.0
      }
    },
    "MLP": {
      "Backdoor": {
        "precision": 0.9285714285714286,
        "recall": 0.9285714285714286,
        "f1-score": 0.9285714285714286,
        "support": 14.0
      },
      "Benign": {
        "precision": 0.9166666666666666,
        "recall": 0.6875,
        "f1-score": 0.7857142857142857,
        "support": 16.0
      },
      "DoS/DDoS": {
        "precision": 0.5,
        "recall": 0.9333333333333333,
        "f1-score": 0.6511627906976745,
        "support": 15.0
      },
      "Injection": {
        "precision": 0.6666666666666666,
        "recall": 0.5555555555555556,
        "f1-score": 0.6060606060606061,
        "support": 18.0
      },
      "Password": {
        "precision": 0.8,
        "recall": 0.8,
        "f1-score": 0.8,
        "support": 15.0
      },
      "Scanning": {
        "precision": 1.0,
        "recall": 1.0,
        "f1-score": 1.0,
        "support": 22.0
      },
      "XSS/MITM": {
        "precision": 0.7142857142857143,
        "recall": 0.5,
        "f1-score": 0.5882352941176471,
        "support": 20.0
      },
      "accuracy": 0.7666666666666667,
      "macro avg": {
        "precision": 0.7894557823129251,
        "recall": 0.7721371882086168,
        "f1-score": 0.7656777721659489,
        "support": 120.0
      },
      "weighted avg": {
        "precision": 0.7954365079365079,
        "recall": 0.7666666666666667,
        "f1-score": 0.7667722268611462,
        "support": 120.0
      }
    },
    "MLP_NoRules": {
      "Backdoor": {
        "precision": 0.9285714285714286,
        "recall": 0.9285714285714286,
        "f1-score": 0.9285714285714286,
        "support": 14.0
      },
      "Benign": {
        "precision": 0.9166666666666666,
        "recall": 0.6875,
        "f1-score": 0.7857142857142857,
        "support": 16.0
      },
      "DoS/DDoS": {
        "precision": 0.5,
        "recall": 0.9333333333333333,
        "f1-score": 0.6511627906976745,
        "support": 15.0
      },
      "Injection": {
        "precision": 0.6666666666666666,
        "recall": 0.5555555555555556,
        "f1-score": 0.6060606060606061,
        "support": 18.0
      },
      "Password": {
        "precision": 0.8,
        "recall": 0.8,
        "f1-score": 0.8,
        "support": 15.0
      },
      "Scanning": {
        "precision": 1.0,
        "recall": 1.0,
        "f1-score": 1.0,
        "support": 22.0
      },
      "XSS/MITM": {
        "precision": 0.7142857142857143,
        "recall": 0.5,
        "f1-score": 0.5882352941176471,
        "support": 20.0
      },
      "accuracy": 0.7666666666666667,
      "macro avg": {
        "precision": 0.7894557823129251,
        "recall": 0.7721371882086168,
        "f1-score": 0.7656777721659489,
        "support": 120.0
      },
      "weighted avg": {
        "precision": 0.7954365079365079,
        "recall": 0.7666666666666667,
        "f1-score": 0.7667722268611462,
        "support": 120.0
      }
    },
    "NeuroSymbolic_Hard": {
      "Backdoor": {
        "precision": 0.9285714285714286,
        "recall": 0.9285714285714286,
        "f1-score": 0.9285714285714286,
        "support": 14.0
      },
      "Benign": {
        "precision": 1.0,
        "recall": 0.6875,
        "f1-score": 0.8148148148148148,
        "support": 16.0
      },
      "DoS/DDoS": {
        "precision": 0.5,
        "recall": 0.9333333333333333,
        "f1-score": 0.6511627906976745,
        "support": 15.0
      },
      "Injection": {
        "precision": 0.6666666666666666,
        "recall": 0.5555555555555556,
        "f1-score": 0.6060606060606061,
        "support": 18.0
      },
      "Password": {
        "precision": 0.8,
        "recall": 0.8,
        "f1-score": 0.8,
        "support": 15.0
      },
      "Scanning": {
        "precision": 0.9565217391304348,
        "recall": 1.0,
        "f1-score": 0.9777777777777777,
        "support": 22.0
      },
      "XSS/MITM": {
        "precision": 0.7142857142857143,
        "recall": 0.5,
        "f1-score": 0.5882352941176471,
        "support": 20.0
      },
      "accuracy": 0.7666666666666667,
      "macro avg": {
        "precision": 0.7951493640934635,
        "recall": 0.7721371882086168,
        "f1-score": 0.7666603874342783,
        "support": 120.0
      },
      "weighted avg": {
        "precision": 0.7985766045548655,
        "recall": 0.7666666666666667,
        "f1-score": 0.7665782233338093,
        "support": 120.0
      }
    },
    "NeuroSymbolic": {
      "Backdoor": {
        "precision": 0.9285714285714286,
        "recall": 0.9285714285714286,
        "f1-score": 0.9285714285714286,
        "support": 14.0
      },
      "Benign": {
        "precision": 1.0,
        "recall": 0.6875,
        "f1-score": 0.8148148148148148,
        "support": 16.0
      },
      "DoS/DDoS": {
        "precision": 0.5,
        "recall": 0.9333333333333333,
        "f1-score": 0.6511627906976745,
        "support": 15.0
      },
      "Injection": {
        "precision": 0.6666666666666666,
        "recall": 0.5555555555555556,
        "f1-score": 0.6060606060606061,
        "support": 18.0
      },
      "Password": {
        "precision": 0.8,
        "recall": 0.8,
        "f1-score": 0.8,